"","Observed Value","traintest NObs","traintest %","handin NObs","handin %"
"1","0",44106,85.0088659316938,11122,85.7451237375684
"2","1",7778,14.9911340683062,1849,14.2548762624316
