"","Observed Value","traintest NObs","traintest %","handin NObs","handin %"
"1","0",43416,83.678976177627,10895,83.9950659162748
"2","1",8468,16.321023822373,2076,16.0049340837252
