"","Observed Value","traintest NObs","traintest %","handin NObs","handin %"
"1","0",41329,79.6565415156888,10315,79.5235525402822
"2","1",10555,20.3434584843112,2656,20.4764474597178
