"","Observed Value","traintest NObs","traintest %","handin NObs","handin %"
"1","Company",4101,7.90417084264899,1004,7.7403438439596
"2","Mr",24732,47.6678744892452,6188,47.7064220183486
"3","Mrs",16185,31.1945879269139,4129,31.8325495335749
"4",NA,6866,13.2333667411919,1650,12.7206846041169
