"","Observed Value","traintest NObs","traintest %","handin NObs","handin %"
"1","0",51658,99.5644129211317,12909,99.522010639118
"2","1",226,0.435587078868245,62,0.477989360881967
