"","Observed Value","traintest NObs","traintest %","handin NObs","handin %"
"1","1",10194,19.6476755839951,2451,18.8959987664791
"2","2",9983,19.2409991519544,2462,18.9808033305065
"3","3",11503,22.1706113638116,2942,22.6813661244314
"4","4",13752,26.5052810114872,3482,26.8444992675969
"5","5",6452,12.4354328887518,1634,12.597332510986
