"","Observed Value","traintest NObs","traintest %","handin NObs","handin %"
"1","0",51870,99.9730167296276,12970,99.9922904941793
"2","1",14,0.0269832703723691,1,0.00770950582067689
