"","Observed Value","traintest NObs","traintest %","handin NObs","handin %"
"1","1",30083,57.9812659008557,7486,57.7133605735872
"2","2",10081,19.4298820445609,2517,19.4048261506437
"3","3",11720,22.5888520545833,2968,22.881813275769
