"","Observed Value","traintest NObs","traintest %","handin NObs","handin %"
"1","0",43193,83.2491712281243,10792,83.200986816745
"2","1",8691,16.7508287718757,2179,16.799013183255
