"","Observed Value","traintest NObs","traintest %","handin NObs","handin %"
"1","Cash payment",10555,20.3434584843112,2656,20.4764474597178
"2","Invoice",23988,46.2339064065993,5962,45.9640737028756
"3","Transfer from credit card",6859,13.2198751060057,1694,13.0599028602267
"4","Transfer from current account",10482,20.2027600030838,2659,20.4995759771799
