"","Observed Value","traintest NObs","traintest %","handin NObs","handin %"
"1","0",49608,95.6132911880349,12412,95.6903862462416
"2","1",2276,4.38670881196515,559,4.30961375375838
