"","Observed Value","traintest NObs","traintest %","handin NObs","handin %"
"1","0",30376,58.5459872022203,7542,58.1450928995451
"2","1",21508,41.4540127977797,5429,41.8549071004549
