"","Observed Value","traintest NObs","traintest %","handin NObs","handin %"
"1","0",51539,99.3350551229666,12879,99.2907254644977
"2","1",345,0.664944877033382,92,0.709274535502274
