"","Min.","1st Qu.","Median","Mean","3rd Qu.","Max."
"x_woe_email_domain",-0.1562,-0.01231,0.007773,0.001104,0.04303,0.177
"x_woe_payment",-0.2939,0.072,0.08805,0.007327,0.08805,0.08976
"x_woe_x_order_date_yearweek",-0.4651,-0.06625,0.02071,0.01392,0.1265,0.3769
"x_woe_postcode_invoice",-0.4643,-0.08943,-0.006422,0.007809,0.1222,1.099
