"","Observed_Value","traintest NObs","traintest %","handin NObs","handin %"
"1","",0,0,0,0
"2","A",3506,6.7573818518233,812,6.26011872638964
"3","B",5914,11.3985043558708,1466,11.3021355331123
"4","C",871,1.67874489245239,235,1.81173386785907
"5","Other",41593,80.1653688998535,10458,80.626011872639
