"","Observed_Value","traintest NObs","traintest %","handin NObs","handin %"
"1","0",50361,97.0646056587773,12607,97.1937398812736
"2","1",1364,2.62894148485082,323,2.49017038007864
"3","2",159,0.306452856371907,41,0.316089738647753
