"","Observed_Value","traintest NObs","traintest %","handin NObs","handin %"
"1","0",44901,86.5411302135533,11269,86.8784210932079
"2","1",5627,10.8453473132372,1381,10.6468275383548
"3","2",1356,2.61352247320947,321,2.47475136843728
