"","Observed_Value","traintest NObs","traintest %","handin NObs","handin %"
"1","0",25005,48.1940482615064,6164,47.5213938786524
"2","1",22854,44.0482615064374,5781,44.5686531493331
"3","2",4025,7.75769023205612,1026,7.90995297201449
