"","Observed_Value","traintest NObs","traintest %","handin NObs","handin %"
"1","0",10967,21.1375375838409,2654,20.4610284480765
"2","1",40917,78.8624624161591,10317,79.5389715519235
