"","Observed_Value","traintest NObs","traintest %","handin NObs","handin %"
"1","0",49171,94.7710276771259,12316,94.9502736874566
"2","1",2713,5.2289723228741,655,5.04972631254337
