"","Observed_Value","traintest NObs","traintest %","handin NObs","handin %"
"1","0",41788,80.5412073086115,10406,80.2251175699638
"2","1",10096,19.4587926913885,2565,19.7748824300362
