"","Observed_Value","traintest NObs","traintest %","handin NObs","handin %"
"1","-1",12,0.0231285174620307,2,0.0154190116413538
"2","0",10852,20.9158892914964,2646,20.3993524015111
"3","1",30882,59.521239688536,7750,59.7486701102459
"4","2",4922,9.48654691234292,1249,9.62917277002544
"5","3",1800,3.4692776193046,475,3.66201526482152
"6","4",571,1.10053195590163,164,1.26435895459101
"7","5",2845,5.48338601495644,685,5.28101148716367
