"","Observed_Value","traintest NObs","traintest %","handin NObs","handin %"
"1","0",51293,98.860920514995,12820,98.8358646210778
"2","1",444,0.855755146095135,112,0.863464651915812
"3","2",147,0.283324338909876,39,0.300670727006399
