"","Observed_Value","traintest NObs","traintest %","handin NObs","handin %"
"1","0",50898,98.0996068152031,12693,97.8567573818518
"2","1",773,1.48986199984581,210,1.61899622234215
"3","2",213,0.410531184951045,68,0.524246395806029
