"","Observed_Value","traintest NObs","traintest %","handin NObs","handin %"
"1","0",47136,90.8488165908565,11784,90.8488165908565
"2","1",4048,7.80201989052502,1008,7.77118186724231
"3","2",700,1.34916351861846,179,1.38000154190116
