"","Observed_Value","traintest NObs","traintest %","handin NObs","handin %"
"1","0",28187,54.3269601418549,6981,53.8200601341454
"2","1",23697,45.6730398581451,5990,46.1799398658546
