"","Observed_Value","traintest NObs","traintest %","handin NObs","handin %"
"1","0",51179,98.6411995991057,12821,98.8435741268985
"2","1",634,1.22195667257729,133,1.02536427415003
"3","2",71,0.136843728317015,17,0.131061598951507
