"","Observed_Value","traintest NObs","traintest %","handin NObs","handin %"
"1","0",48814,94.0829542826305,12202,94.0713900238995
"2","1",2319,4.46958599953743,573,4.41754683524786
"3","2",751,1.44745971783209,196,1.51106314085267
