"","Observed_Value","traintest NObs","traintest %","handin NObs","handin %"
"1","0",41785,80.535425179246,10436,80.4564027445841
"2","1",7700,14.840798704803,1942,14.9718603037545
"3","2",2399,4.62377611595097,593,4.5717369516614
