"","Observed_Value","traintest NObs","traintest %","handin NObs","handin %"
"1","0",49850,96.0797162901858,12483,96.2377611595097
"2","1",2034,3.9202837098142,488,3.76223884049032
