"","Observed_Value","traintest NObs","traintest %","handin NObs","handin %"
"1","0",50610,97.5445223961144,12688,97.8182098527484
"2","1",1274,2.45547760388559,283,2.18179014725156
