"","Observed_Value","traintest NObs","traintest %","handin NObs","handin %"
"1","0",46013,88.6843728317015,11511,88.7441215018117
"2","1",4731,9.1184180094056,1173,9.043250327654
"3","2",1140,2.19720915889292,287,2.21262817053427
