"","Observed_Value","traintest NObs","traintest %","handin NObs","handin %"
"1","0",49791,95.9660010793308,12470,96.1375375838409
"2","1",1762,3.39603731400817,417,3.21486392722227
"3","2",331,0.637961606661013,84,0.647598488936859
