,learning_rate,max_depth,n_estimators,mean_score
0,0.25,3,500,0.7948345842497903
1,0.25,5,500,0.7197115711661867
2,0.05,9,500,0.7277386000317453
3,0.05,5,500,0.8215233214666334
4,0.25,5,50,0.8176005079249904
5,0.1,5,100,0.8206843382236231
6,0.05,9,100,0.7873517607310492
7,0.05,9,50,0.7913879503866126
8,0.25,3,50,0.8336999161016757
9,0.05,3,250,0.8322713770662796
