,min_samples_leaf,min_samples_split,n_estimators,n_jobs,mean_score
0,9,2,100,3,0.8158318405478334
1,1,2,500,3,0.7626130926736355
2,1,8,500,3,0.781252125802136
3,3,2,500,3,0.8069885036620484
4,1,4,250,3,0.7728622933720324
5,1,2,250,3,0.7598013650484116
6,3,8,500,3,0.8040860751456883
7,9,2,250,3,0.815695789211129
8,3,2,100,3,0.8002086120496134
9,3,4,250,3,0.8012063218521122
