,C,n_jobs,penalty,mean_score
0,0.5,3,l2,0.8042901521507448
1,0.5,3,l1,0.8110020180948277
2,0.7071067811865476,3,l2,0.8044262034874493
3,2.0,3,l2,0.8052425115076756
4,2.8284271247461903,3,l2,0.8089158975986939
5,22.627416997969522,3,l1,0.8076234099000023
6,0.1767766952966369,3,l1,0.808983923267046
7,0.25,3,l2,0.8035191945760867
8,4.0,3,l2,0.8084397179202286
9,11.313708498984761,3,l1,0.8089612480442621
